INSERT INTO category (category_id, name)
VALUES (1, '기술'),
       (2, '생활'),
       (3, '여행'),
       (4, '음식'),
       (5, '교육'),
       (6, '예술'),
       (7, '스포츠'),
       (8, '게임'),
       (9, '엔터테인먼트'),
       (10, '비즈니스');

INSERT INTO post (post_id, slug, title, cover, date, published, last_edited_at, blur_url, content)
VALUES (1, 'first-post', '첫 번째 포스트', 'cover_image_1', '2022-01-01', 'YES', '2022-01-02', 'blur_url_1',
        '첫 번째 포스트의 내용입니다.'),
       (2, 'second-post', '두 번째 포스트', 'cover_image_2', '2022-02-01', 'YES', '2022-02-02', 'blur_url_2',
        '두 번째 포스트의 내용입니다.'),
       (3, 'third-post', '세 번째 포스트', 'cover_image_3', '2022-03-01', 'YES', '2022-03-02', 'blur_url_3',
        '세 번째 포스트의 내용입니다.'),
       (4, 'fourth-post', '네 번째 포스트', 'cover_image_4', '2022-04-01', 'YES', '2022-04-02', 'blur_url_4',
        '네 번째 포스트의 내용입니다.'),
       (5, 'fifth-post', '다섯 번째 포스트', 'cover_image_5', '2022-05-01', 'YES', '2022-05-02', 'blur_url_5',
        '다섯 번째 포스트의 내용입니다.'),
       (6, 'sixth-post', '여섯 번째 포스트', 'cover_image_6', '2022-06-01', 'YES', '2022-06-02', 'blur_url_6',
        '여섯 번째 포스트의 내용입니다.'),
       (7, 'seventh-post', '일곱 번째 포스트', 'cover_image_7', '2022-07-01', 'YES', '2022-07-02', 'blur_url_7',
        '일곱 번째 포스트의 내용입니다.'),
       (8, 'eighth-post', '여덟 번째 포스트', 'cover_image_8', '2022-08-01', 'YES', '2022-08-02', 'blur_url_8',
        '여덟 번째 포스트의 내용입니다.'),
       (9, 'ninth-post', '아홉 번째 포스트', 'cover_image_9', '2022-09-01', 'YES', '2022-09-02', 'blur_url_9',
        '아홉 번째 포스트의 내용입니다.'),
       (10, 'tenth-post', '열 번째 포스트', 'cover_image_10', '2022-10-01', 'YES', '2022-10-02', 'blur_url_10',
        '열 번째 포스트의 내용입니다.');


INSERT INTO post_category (id, post_id, category_id)
VALUES (1, 1, 1),
       (2, 1, 2),
       (3, 2, 3),
       (4, 2, 4),
       (5, 3, 5),
       (6, 3, 6),
       (7, 4, 7),
       (8, 4, 8),
       (9, 5, 9),
       (10, 5, 10),
       (11, 6, 1),
       (12, 6, 2),
       (13, 7, 3),
       (14, 7, 4),
       (15, 8, 5),
       (16, 8, 6),
       (17, 9, 7),
       (18, 9, 8),
       (19, 10, 9),
       (20, 10, 10);
